"year","circuit_name","position_change_race"
2009,"Albert Park Grand Prix Circuit",4.84615384615385
2009,"Sepang International Circuit",3.16666666666667
2009,"Shanghai International Circuit",4.2
2009,"Bahrain International Circuit",3.4
2009,"Circuit de Barcelona-Catalunya",2.45454545454545
2009,"Circuit de Monaco",5
2009,"Istanbul Park",2.88888888888889
2009,"Silverstone Circuit",2.27272727272727
2009,"Nürburgring",4.6
2009,"Hungaroring",8.57142857142857
2009,"Valencia Street Circuit",2.8
2009,"Circuit de Spa-Francorchamps",3.45454545454545
2009,"Autodromo Nazionale di Monza",5.22222222222222
2009,"Marina Bay Street Circuit",4
2009,"Suzuka Circuit",1.66666666666667
2009,"Autódromo José Carlos Pace",6.6
2009,"Yas Marina Circuit",3.22222222222222
2008,"Albert Park Grand Prix Circuit",6.36363636363636
2008,"Sepang International Circuit",4.44444444444444
2008,"Bahrain International Circuit",3.4
2008,"Circuit de Barcelona-Catalunya",4.27272727272727
2008,"Istanbul Park",2.33333333333333
2008,"Circuit de Monaco",3.58333333333333
2008,"Circuit Gilles Villeneuve",7
2008,"Circuit de Nevers Magny-Cours",1.69230769230769
2008,"Silverstone Circuit",4.54545454545455
2008,"Hockenheimring",3.33333333333333
2008,"Hungaroring",4.57142857142857
2008,"Valencia Street Circuit",2.7
2008,"Circuit de Spa-Francorchamps",5.71428571428571
2008,"Autodromo Nazionale di Monza",4.36363636363636
2008,"Marina Bay Street Circuit",5.77777777777778
2008,"Fuji Speedway",6.125
2008,"Shanghai International Circuit",4
2008,"Autódromo José Carlos Pace",2.81818181818182
2007,"Albert Park Grand Prix Circuit",3.07692307692308
2007,"Sepang International Circuit",4.4
2007,"Bahrain International Circuit",1.85714285714286
2007,"Circuit de Barcelona-Catalunya",5.75
2007,"Circuit de Monaco",2.92307692307692
2007,"Circuit Gilles Villeneuve",5
2007,"Indianapolis Motor Speedway",3.81818181818182
2007,"Circuit de Nevers Magny-Cours",3.4
2007,"Silverstone Circuit",3.63636363636364
2007,"Nürburgring",4.6
2007,"Hungaroring",1.69230769230769
2007,"Istanbul Park",2.72727272727273
2007,"Autodromo Nazionale di Monza",2.4
2007,"Circuit de Spa-Francorchamps",2.15384615384615
2007,"Fuji Speedway",5.5
2007,"Shanghai International Circuit",5.7
2007,"Autódromo José Carlos Pace",4
2006,"Bahrain International Circuit",4.27272727272727
2006,"Sepang International Circuit",6.9
2006,"Albert Park Grand Prix Circuit",7.4
2006,"Autodromo Enzo e Dino Ferrari",3.4
2006,"Nürburgring",4.45454545454545
2006,"Circuit de Barcelona-Catalunya",3.09090909090909
2006,"Circuit de Monaco",8.5
2006,"Silverstone Circuit",2.58333333333333
2006,"Circuit Gilles Villeneuve",4.72727272727273
2006,"Indianapolis Motor Speedway",4.06666666666667
2006,"Circuit de Nevers Magny-Cours",3.09090909090909
2006,"Hockenheimring",3.07692307692308
2006,"Hungaroring",6.9
2006,"Istanbul Park",3.72727272727273
2006,"Autodromo Nazionale di Monza",5.625
2006,"Shanghai International Circuit",3
2006,"Suzuka Circuit",4.88888888888889
2006,"Autódromo José Carlos Pace",5.63636363636364
2005,"Albert Park Grand Prix Circuit",3.90909090909091
2005,"Sepang International Circuit",3.66666666666667
2005,"Bahrain International Circuit",6.22222222222222
2005,"Autodromo Enzo e Dino Ferrari",8.57142857142857
2005,"Circuit de Barcelona-Catalunya",2.27272727272727
2005,"Circuit de Monaco",3.09090909090909
2005,"Nürburgring",5.875
2005,"Circuit Gilles Villeneuve",7.1
2005,"Indianapolis Motor Speedway",4.64285714285714
2005,"Circuit de Nevers Magny-Cours",3
2005,"Silverstone Circuit",2.07692307692308
2005,"Hockenheimring",4.8
2005,"Hungaroring",4.1
2005,"Istanbul Park",4.88888888888889
2005,"Autodromo Nazionale di Monza",2.46153846153846
2005,"Circuit de Spa-Francorchamps",7.22222222222222
2005,"Autódromo José Carlos Pace",3.18181818181818
2005,"Suzuka Circuit",4.08333333333333
2005,"Shanghai International Circuit",4.18181818181818
2004,"Albert Park Grand Prix Circuit",3.5
2004,"Sepang International Circuit",7.66666666666667
2004,"Bahrain International Circuit",2.07692307692308
2004,"Autodromo Enzo e Dino Ferrari",3
2004,"Circuit de Barcelona-Catalunya",2.83333333333333
2004,"Circuit de Monaco",6.4
2004,"Nürburgring",5.44444444444444
2004,"Circuit Gilles Villeneuve",8.375
2004,"Indianapolis Motor Speedway",3.83333333333333
2004,"Circuit de Nevers Magny-Cours",3.25
2004,"Silverstone Circuit",2.23076923076923
2004,"Hockenheimring",3.9
2004,"Hungaroring",2.88888888888889
2004,"Circuit de Spa-Francorchamps",3.90909090909091
2004,"Autodromo Nazionale di Monza",3.88888888888889
2004,"Shanghai International Circuit",3.5
2004,"Suzuka Circuit",4.2
2004,"Autódromo José Carlos Pace",4.85714285714286
2003,"Albert Park Grand Prix Circuit",5.2
2003,"Sepang International Circuit",4.36363636363636
2003,"Autódromo José Carlos Pace",4.36363636363636
2003,"Autodromo Enzo e Dino Ferrari",4.28571428571429
2003,"Circuit de Barcelona-Catalunya",4.9
2003,"Red Bull Ring",4.5
2003,"Circuit de Monaco",2.7
2003,"Circuit Gilles Villeneuve",2.76923076923077
2003,"Nürburgring",8.28571428571429
2003,"Circuit de Nevers Magny-Cours",3.33333333333333
2003,"Silverstone Circuit",3.54545454545455
2003,"Hockenheimring",5.44444444444444
2003,"Hungaroring",3.9
2003,"Autodromo Nazionale di Monza",4.18181818181818
2003,"Indianapolis Motor Speedway",6.63636363636364
2003,"Suzuka Circuit",6.33333333333333
2002,"Albert Park Grand Prix Circuit",9
2002,"Sepang International Circuit",5.63636363636364
2002,"Autódromo José Carlos Pace",5.3
2002,"Autodromo Enzo e Dino Ferrari",3.86666666666667
2002,"Circuit de Barcelona-Catalunya",4.75
2002,"Red Bull Ring",6.77777777777778
2002,"Circuit de Monaco",7.22222222222222
2002,"Circuit Gilles Villeneuve",5.1
2002,"Nürburgring",6
2002,"Silverstone Circuit",4.18181818181818
2002,"Circuit de Nevers Magny-Cours",8.75
2002,"Hockenheimring",3.5
2002,"Hungaroring",2.5
2002,"Circuit de Spa-Francorchamps",5.42857142857143
2002,"Autodromo Nazionale di Monza",5.9
2002,"Indianapolis Motor Speedway",3.22222222222222
2002,"Suzuka Circuit",4.2
2001,"Albert Park Grand Prix Circuit",5.8
2001,"Sepang International Circuit",5.63636363636364
2001,"Autódromo José Carlos Pace",6.08333333333333
2001,"Autodromo Enzo e Dino Ferrari",4.63636363636364
2001,"Circuit de Barcelona-Catalunya",6.66666666666667
2001,"Red Bull Ring",8
2001,"Circuit de Monaco",7.2
2001,"Circuit Gilles Villeneuve",6.6
2001,"Nürburgring",3.66666666666667
2001,"Circuit de Nevers Magny-Cours",5.1
2001,"Silverstone Circuit",9.5
2001,"Hockenheimring",8.72727272727273
2001,"Hungaroring",2.72727272727273
2001,"Circuit de Spa-Francorchamps",4.07692307692308
2001,"Autodromo Nazionale di Monza",6.6
2001,"Indianapolis Motor Speedway",8.42857142857143
2001,"Suzuka Circuit",4
2000,"Albert Park Grand Prix Circuit",8.88888888888889
2000,"Autódromo José Carlos Pace",9.45454545454546
2000,"Autodromo Enzo e Dino Ferrari",4
2000,"Silverstone Circuit",8
2000,"Circuit de Barcelona-Catalunya",5.33333333333333
2000,"Nürburgring",6.44444444444444
2000,"Circuit de Monaco",7.44444444444444
2000,"Circuit Gilles Villeneuve",5.09090909090909
2000,"Circuit de Nevers Magny-Cours",4.44444444444444
2000,"Red Bull Ring",6.54545454545455
2000,"Hockenheimring",7.2
2000,"Hungaroring",2.76923076923077
2000,"Circuit de Spa-Francorchamps",5.33333333333333
2000,"Autodromo Nazionale di Monza",8.7
2000,"Indianapolis Motor Speedway",7.66666666666667
2000,"Suzuka Circuit",3.69230769230769
2000,"Sepang International Circuit",3.5
1999,"Albert Park Grand Prix Circuit",6.81818181818182
1999,"Autódromo José Carlos Pace",10.1111111111111
1999,"Autodromo Enzo e Dino Ferrari",6.72727272727273
1999,"Circuit de Monaco",4.44444444444444
1999,"Circuit de Barcelona-Catalunya",5.36363636363636
1999,"Circuit Gilles Villeneuve",6.81818181818182
1999,"Circuit de Nevers Magny-Cours",7
1999,"Silverstone Circuit",6.875
1999,"Red Bull Ring",4.15384615384615
1999,"Hockenheimring",7.1
1999,"Hungaroring",4.7
1999,"Circuit de Spa-Francorchamps",2.58333333333333
1999,"Autodromo Nazionale di Monza",4
1999,"Nürburgring",6.30769230769231
1999,"Sepang International Circuit",5.6
1999,"Suzuka Circuit",8
1998,"Albert Park Grand Prix Circuit",4.7
1998,"Autódromo José Carlos Pace",3.27272727272727
1998,"Autódromo Juan y Oscar Gálvez",5.625
1998,"Autodromo Enzo e Dino Ferrari",6.875
1998,"Circuit de Barcelona-Catalunya",4.45454545454545
1998,"Circuit de Monaco",7.09090909090909
1998,"Circuit Gilles Villeneuve",7.72727272727273
1998,"Circuit de Nevers Magny-Cours",5.875
1998,"Silverstone Circuit",6.7
1998,"Red Bull Ring",9.44444444444444
1998,"Hockenheimring",2.3
1998,"Hungaroring",3.8
1998,"Circuit de Spa-Francorchamps",5.66666666666667
1998,"Autodromo Nazionale di Monza",5.9
1998,"Nürburgring",5
1998,"Suzuka Circuit",5.6
1997,"Albert Park Grand Prix Circuit",5.75
1997,"Autódromo José Carlos Pace",3.07692307692308
1997,"Autódromo Juan y Oscar Gálvez",10.875
1997,"Autodromo Enzo e Dino Ferrari",5.72727272727273
1997,"Circuit de Monaco",7.58333333333333
1997,"Circuit de Barcelona-Catalunya",3.14285714285714
1997,"Circuit Gilles Villeneuve",6
1997,"Circuit de Nevers Magny-Cours",3.41666666666667
1997,"Silverstone Circuit",7.11111111111111
1997,"Hockenheimring",4.38461538461539
1997,"Hungaroring",6.09090909090909
1997,"Circuit de Spa-Francorchamps",6.88888888888889
1997,"Autodromo Nazionale di Monza",2.5
1997,"Red Bull Ring",8.9
1997,"Nürburgring",6.63636363636364
1997,"Suzuka Circuit",6.3
1997,"Circuito de Jerez",7.625
1996,"Albert Park Grand Prix Circuit",3.58333333333333
1996,"Autódromo José Carlos Pace",5.72727272727273
1996,"Autódromo Juan y Oscar Gálvez",4
1996,"Nürburgring",4.09090909090909
1996,"Autodromo Enzo e Dino Ferrari",4.81818181818182
1996,"Circuit de Monaco",5.81818181818182
1996,"Circuit de Barcelona-Catalunya",3.5
1996,"Circuit Gilles Villeneuve",5.09090909090909
1996,"Circuit de Nevers Magny-Cours",3.27272727272727
1996,"Silverstone Circuit",7.57142857142857
1996,"Hockenheimring",5.54545454545455
1996,"Hungaroring",4.63636363636364
1996,"Circuit de Spa-Francorchamps",4.69230769230769
1996,"Autodromo Nazionale di Monza",8.57142857142857
1996,"Autódromo do Estoril",4
1996,"Suzuka Circuit",4.22222222222222
1995,"Autódromo José Carlos Pace",11.125
1995,"Autódromo Juan y Oscar Gálvez",7.15384615384615
1995,"Autodromo Enzo e Dino Ferrari",6.27272727272727
1995,"Circuit de Barcelona-Catalunya",6.88888888888889
1995,"Circuit de Monaco",7.72727272727273
1995,"Circuit Gilles Villeneuve",8.09090909090909
1995,"Circuit de Nevers Magny-Cours",2.61538461538462
1995,"Silverstone Circuit",8.27272727272727
1995,"Hockenheimring",6.5
1995,"Hungaroring",5.36363636363636
1995,"Circuit de Spa-Francorchamps",9.1
1995,"Autodromo Nazionale di Monza",7.5
1995,"Autódromo do Estoril",3.16666666666667
1995,"Nürburgring",8.22222222222222
1995,"Okayama International Circuit",3.2
1995,"Suzuka Circuit",8.54545454545454
1995,"Adelaide Street Circuit",5.66666666666667
1994,"Autódromo José Carlos Pace",6.28571428571429
1994,"Okayama International Circuit",15
1994,"Autodromo Enzo e Dino Ferrari",12.0769230769231
1994,"Circuit de Monaco",11.3076923076923
1994,"Circuit de Barcelona-Catalunya",9.35714285714286
1994,"Circuit Gilles Villeneuve",7.66666666666667
1994,"Circuit de Nevers Magny-Cours",10.6428571428571
1994,"Silverstone Circuit",11.8333333333333
1994,"Hockenheimring",9.5
1994,"Hungaroring",10.4
1994,"Circuit de Spa-Francorchamps",12.9166666666667
1994,"Autodromo Nazionale di Monza",12.1538461538462
1994,"Autódromo do Estoril",13.3636363636364
1994,"Circuito de Jerez",8.07142857142857
1994,"Suzuka Circuit",7.9375
1994,"Adelaide Street Circuit",11.5384615384615
1993,"Kyalami",6.07142857142857
1993,"Autódromo José Carlos Pace",7.63636363636364
1993,"Donington Park",10
1993,"Autodromo Enzo e Dino Ferrari",8.73333333333333
1993,"Circuit de Barcelona-Catalunya",10.2
1993,"Circuit de Monaco",7.76923076923077
1993,"Circuit Gilles Villeneuve",9.45454545454546
1993,"Circuit de Nevers Magny-Cours",7.08333333333333
1993,"Silverstone Circuit",8.16666666666667
1993,"Hockenheimring",5.91666666666667
1993,"Hungaroring",11.3
1993,"Circuit de Spa-Francorchamps",6.54545454545455
1993,"Autodromo Nazionale di Monza",10
1993,"Autódromo do Estoril",8
1993,"Suzuka Circuit",6.16666666666667
1993,"Adelaide Street Circuit",4.16666666666667
1992,"Kyalami",12.8125
1992,"Autódromo Hermanos Rodríguez",10.6315789473684
1992,"Autódromo José Carlos Pace",12.7647058823529
1992,"Circuit de Barcelona-Catalunya",13.8947368421053
1992,"Autodromo Enzo e Dino Ferrari",12.1
1992,"Circuit de Monaco",13.6315789473684
1992,"Circuit Gilles Villeneuve",15.5294117647059
1992,"Circuit de Nevers Magny-Cours",12.625
1992,"Silverstone Circuit",14.5882352941176
1992,"Hockenheimring",14.4444444444444
1992,"Hungaroring",13.8823529411765
1992,"Circuit de Spa-Francorchamps",13.6666666666667
1992,"Autodromo Nazionale di Monza",10.9285714285714
1992,"Autódromo do Estoril",7.27272727272727
1992,"Suzuka Circuit",10.1818181818182
1992,"Adelaide Street Circuit",11.8
1991,"Phoenix street circuit",17.4736842105263
1991,"Autódromo José Carlos Pace",14.7727272727273
1991,"Autodromo Enzo e Dino Ferrari",16.9090909090909
1991,"Circuit de Monaco",17.8947368421053
1991,"Circuit Gilles Villeneuve",16.2857142857143
1991,"Autódromo Hermanos Rodríguez",15
1991,"Circuit de Nevers Magny-Cours",15.55
1991,"Silverstone Circuit",15.952380952381
1991,"Hockenheimring",14.2857142857143
1991,"Hungaroring",16.2
1991,"Circuit de Spa-Francorchamps",16.4285714285714
1991,"Autodromo Nazionale di Monza",18.1111111111111
1991,"Autódromo do Estoril",17.4736842105263
1991,"Circuit de Barcelona-Catalunya",14.3157894736842
1991,"Suzuka Circuit",13.0952380952381
1991,"Adelaide Street Circuit",12.4210526315789
1990,"Phoenix street circuit",19.2631578947368
1990,"Autódromo José Carlos Pace",14.2083333333333
1990,"Autodromo Enzo e Dino Ferrari",16.3181818181818
1990,"Circuit de Monaco",17.4545454545455
1990,"Circuit Gilles Villeneuve",16.8181818181818
1990,"Autódromo Hermanos Rodríguez",16.3333333333333
1990,"Circuit Paul Ricard",17.85
1990,"Silverstone Circuit",16.8636363636364
1990,"Hockenheimring",12.1071428571429
1990,"Hungaroring",17.6818181818182
1990,"Circuit de Spa-Francorchamps",17.4705882352941
1990,"Autodromo Nazionale di Monza",14.2857142857143
1990,"Autódromo do Estoril",13.0909090909091
1990,"Circuito de Jerez",16.6315789473684
1990,"Suzuka Circuit",13.625
1990,"Adelaide Street Circuit",10
2010,"Bahrain International Circuit",1.92857142857143
2010,"Albert Park Grand Prix Circuit",5.72727272727273
2010,"Sepang International Circuit",6.58333333333333
2010,"Shanghai International Circuit",3.53846153846154
2010,"Circuit de Barcelona-Catalunya",3.75
2010,"Circuit de Monaco",4.58333333333333
2010,"Istanbul Park",4.625
2010,"Circuit Gilles Villeneuve",2.76923076923077
2010,"Valencia Street Circuit",5.7
2010,"Silverstone Circuit",8.71428571428571
2010,"Hockenheimring",2.25
2010,"Hungaroring",9
2010,"Circuit de Spa-Francorchamps",6.41666666666667
2010,"Autodromo Nazionale di Monza",3.33333333333333
2010,"Marina Bay Street Circuit",3.91666666666667
2010,"Suzuka Circuit",6.36363636363636
2010,"Korean International Circuit",8.875
2010,"Autódromo José Carlos Pace",4.09090909090909
2010,"Yas Marina Circuit",3.46153846153846
1989,"Autódromo Internacional Nelson Piquet",21.8695652173913
1989,"Autodromo Enzo e Dino Ferrari",20.2692307692308
1989,"Circuit de Monaco",18.0740740740741
1989,"Autódromo Hermanos Rodríguez",20.7307692307692
1989,"Phoenix street circuit",21.8076923076923
1989,"Circuit Gilles Villeneuve",22.5
1989,"Circuit Paul Ricard",21.24
1989,"Silverstone Circuit",21.04
1989,"Hockenheimring",18.8
1989,"Hungaroring",19.7307692307692
1989,"Circuit de Spa-Francorchamps",21.375
1989,"Autodromo Nazionale di Monza",22.7826086956522
1989,"Autódromo do Estoril",20.8
1989,"Circuito de Jerez",17.8076923076923
1989,"Suzuka Circuit",21.08
1989,"Adelaide Street Circuit",19.7037037037037
1988,"Autódromo Internacional Nelson Piquet",15.2666666666667
1988,"Autodromo Enzo e Dino Ferrari",10.2352941176471
1988,"Circuit de Monaco",16.1428571428571
1988,"Autódromo Hermanos Rodríguez",12.6111111111111
1988,"Circuit Gilles Villeneuve",15
1988,"Detroit Street Circuit",15.2941176470588
1988,"Circuit Paul Ricard",14
1988,"Silverstone Circuit",16.1333333333333
1988,"Hockenheimring",11.7777777777778
1988,"Hungaroring",11.8421052631579
1988,"Circuit de Spa-Francorchamps",14.2352941176471
1988,"Autodromo Nazionale di Monza",13.875
1988,"Autódromo do Estoril",12.25
1988,"Circuito de Jerez",12.6470588235294
1988,"Suzuka Circuit",12.6666666666667
1988,"Adelaide Street Circuit",14.125
1987,"Autódromo Internacional Nelson Piquet",5.45454545454545
1987,"Autodromo Enzo e Dino Ferrari",9.2
1987,"Circuit de Spa-Francorchamps",9.38461538461539
1987,"Circuit de Monaco",11
1987,"Detroit Street Circuit",4.64285714285714
1987,"Circuit Paul Ricard",5.25
1987,"Silverstone Circuit",5.125
1987,"Hockenheimring",7.64285714285714
1987,"Hungaroring",10.2222222222222
1987,"Red Bull Ring",6.61538461538461
1987,"Autodromo Nazionale di Monza",9.57142857142857
1987,"Autódromo do Estoril",5.84615384615385
1987,"Circuito de Jerez",6.93333333333333
1987,"Autódromo Hermanos Rodríguez",9.07692307692308
1987,"Suzuka Circuit",7.13333333333333
1987,"Adelaide Street Circuit",6.0625
1986,"Autódromo Internacional Nelson Piquet",7.1
1986,"Circuito de Jerez",5.5
1986,"Autodromo Enzo e Dino Ferrari",7.16666666666667
1986,"Circuit de Monaco",10.9333333333333
1986,"Circuit de Spa-Francorchamps",8.8
1986,"Circuit Gilles Villeneuve",4.38461538461539
1986,"Detroit Street Circuit",5.28571428571429
1986,"Circuit Paul Ricard",6.63636363636364
1986,"Brands Hatch",5.23076923076923
1986,"Hockenheimring",6.58333333333333
1986,"Hungaroring",3.4375
1986,"Red Bull Ring",7.92307692307692
1986,"Autodromo Nazionale di Monza",8.46153846153846
1986,"Autódromo do Estoril",5.53846153846154
1986,"Autódromo Hermanos Rodríguez",6.53846153846154
1986,"Adelaide Street Circuit",7.58333333333333
1985,"Autódromo Internacional Nelson Piquet",7.66666666666667
1985,"Autódromo do Estoril",5.21428571428571
1985,"Autodromo Enzo e Dino Ferrari",5.75
1985,"Circuit de Monaco",11.2
1985,"Circuit Gilles Villeneuve",6.90909090909091
1985,"Detroit Street Circuit",7.5
1985,"Circuit Paul Ricard",10.7777777777778
1985,"Silverstone Circuit",8.08333333333333
1985,"Nürburgring",7.85714285714286
1985,"Red Bull Ring",9.21428571428571
1985,"Circuit Park Zandvoort",6.76923076923077
1985,"Autodromo Nazionale di Monza",6.92307692307692
1985,"Circuit de Spa-Francorchamps",6.45454545454545
1985,"Brands Hatch",6.09090909090909
1985,"Kyalami",5.72727272727273
1985,"Adelaide Street Circuit",9
1984,"Autódromo Internacional Nelson Piquet",7.3125
1984,"Kyalami",9.4
1984,"Zolder",6.88235294117647
1984,"Autodromo Enzo e Dino Ferrari",11.4
1984,"Dijon-Prenois",6.42857142857143
1984,"Circuit de Monaco",12.7222222222222
1984,"Circuit Gilles Villeneuve",5.06666666666667
1984,"Detroit Street Circuit",5.83333333333333
1984,"Fair Park",6.75
1984,"Brands Hatch",8.53846153846154
1984,"Hockenheimring",8.71428571428571
1984,"Red Bull Ring",10
1984,"Circuit Park Zandvoort",7.73333333333333
1984,"Autodromo Nazionale di Monza",9.73333333333333
1984,"Nürburgring",7.08333333333333
1984,"Autódromo do Estoril",5.5
1983,"Autódromo Internacional Nelson Piquet",9.05555555555556
1983,"Long Beach",9.5
1983,"Circuit Paul Ricard",11.5625
1983,"Autodromo Enzo e Dino Ferrari",8.9375
1983,"Circuit de Monaco",13.3157894736842
1983,"Circuit de Spa-Francorchamps",9.0625
1983,"Detroit Street Circuit",10.2142857142857
1983,"Circuit Gilles Villeneuve",9.4
1983,"Silverstone Circuit",15.5833333333333
1983,"Hockenheimring",13.7142857142857
1983,"Red Bull Ring",11.0625
1983,"Circuit Park Zandvoort",12.25
1983,"Autodromo Nazionale di Monza",15.4166666666667
1983,"Brands Hatch",10.75
1983,"Kyalami",8.83333333333333
1982,"Kyalami",16.2666666666667
1982,"Autódromo Internacional Nelson Piquet",14.4444444444444
1982,"Long Beach",16.0625
1982,"Autodromo Enzo e Dino Ferrari",5.33333333333333
1982,"Zolder",15.4736842105263
1982,"Circuit de Monaco",16
1982,"Detroit Street Circuit",10.7647058823529
1982,"Circuit Gilles Villeneuve",10.6875
1982,"Circuit Park Zandvoort",13.5882352941176
1982,"Brands Hatch",13.625
1982,"Circuit Paul Ricard",9.75
1982,"Hockenheimring",13.8571428571429
1982,"Red Bull Ring",12.1875
1982,"Dijon-Prenois",8.33333333333333
1982,"Autodromo Nazionale di Monza",11.7777777777778
1982,"Las Vegas Street Circuit",13.2
1981,"Long Beach",14.6428571428571
1981,"Autódromo Internacional Nelson Piquet",14.5294117647059
1981,"Autódromo Juan y Oscar Gálvez",11.5
1981,"Autodromo Enzo e Dino Ferrari",15.05
1981,"Zolder",17.6875
1981,"Circuit de Monaco",17.1428571428571
1981,"Jarama",13.4705882352941
1981,"Dijon-Prenois",11.1764705882353
1981,"Silverstone Circuit",14.4736842105263
1981,"Hockenheimring",15
1981,"Red Bull Ring",11.3333333333333
1981,"Circuit Park Zandvoort",13.4736842105263
1981,"Autodromo Nazionale di Monza",14.9375
1981,"Circuit Gilles Villeneuve",15.1764705882353
1981,"Las Vegas Street Circuit",12.8333333333333
1980,"Autódromo Juan y Oscar Gálvez",12.1764705882353
1980,"Autódromo José Carlos Pace",16.7692307692308
1980,"Kyalami",12.6
1980,"Long Beach",11
1980,"Zolder",11.4166666666667
1980,"Circuit de Monaco",16.5714285714286
1980,"Circuit Paul Ricard",11
1980,"Brands Hatch",12.7692307692308
1980,"Hockenheimring",12.7272727272727
1980,"Red Bull Ring",12
1980,"Circuit Park Zandvoort",12.2941176470588
1980,"Autodromo Enzo e Dino Ferrari",12.75
1980,"Circuit Gilles Villeneuve",11.0625
1980,"Watkins Glen",9.35714285714286
1979,"Autódromo Juan y Oscar Gálvez",8.75
1979,"Autódromo José Carlos Pace",6.70588235294118
1979,"Kyalami",11.25
1979,"Long Beach",9.84615384615385
1979,"Jarama",13.3333333333333
1979,"Zolder",10.7222222222222
1979,"Circuit de Monaco",9.61111111111111
1979,"Dijon-Prenois",9.66666666666667
1979,"Silverstone Circuit",12.3333333333333
1979,"Hockenheimring",9.30769230769231
1979,"Red Bull Ring",9.16666666666667
1979,"Circuit Park Zandvoort",9.57142857142857
1979,"Autodromo Nazionale di Monza",13.2142857142857
1979,"Circuit Gilles Villeneuve",12.7368421052632
1979,"Watkins Glen",15.2941176470588
1978,"Autódromo Juan y Oscar Gálvez",8.125
1978,"Autódromo Internacional Nelson Piquet",12.4375
1978,"Kyalami",14.375
1978,"Long Beach",16.5294117647059
1978,"Circuit de Monaco",14.4285714285714
1978,"Zolder",12.85
1978,"Jarama",12.2941176470588
1978,"Scandinavian Raceway",13.1538461538462
1978,"Circuit Paul Ricard",12.4615384615385
1978,"Brands Hatch",14.9375
1978,"Hockenheimring",14.5294117647059
1978,"Red Bull Ring",14.1666666666667
1978,"Circuit Park Zandvoort",13.9
1978,"Autodromo Nazionale di Monza",14.5238095238095
1978,"Watkins Glen",11.25
1978,"Circuit Gilles Villeneuve",14.6875
1977,"Autódromo Juan y Oscar Gálvez",7.66666666666667
1977,"Autódromo José Carlos Pace",6.16666666666667
1977,"Kyalami",6.1
1977,"Long Beach",4.27272727272727
1977,"Jarama",16
1977,"Circuit de Monaco",15.5384615384615
1977,"Zolder",14.7222222222222
1977,"Scandinavian Raceway",15.7777777777778
1977,"Dijon-Prenois",11
1977,"Silverstone Circuit",17.1739130434783
1977,"Hockenheimring",12.8125
1977,"Red Bull Ring",13.75
1977,"Circuit Park Zandvoort",17.4285714285714
1977,"Autodromo Nazionale di Monza",16.8181818181818
1977,"Watkins Glen",9.23076923076923
1977,"Mosport International Raceway",11.2142857142857
1977,"Fuji Speedway",4.61538461538461
1976,"Autódromo José Carlos Pace",6.16666666666667
1976,"Kyalami",6.08333333333333
1976,"Long Beach",12.2777777777778
1976,"Jarama",11.9047619047619
1976,"Zolder",11
1976,"Circuit de Monaco",11.2142857142857
1976,"Scandinavian Raceway",12
1976,"Circuit Paul Ricard",12.3571428571429
1976,"Brands Hatch",12.6666666666667
1976,"Nürburgring",10.8
1976,"Red Bull Ring",8
1976,"Circuit Park Zandvoort",8.30769230769231
1976,"Autodromo Nazionale di Monza",10.125
1976,"Mosport International Raceway",10.8333333333333
1976,"Watkins Glen",8.92857142857143
1976,"Fuji Speedway",8.64285714285714
1975,"Autódromo Juan y Oscar Gálvez",6.5
1975,"Autódromo José Carlos Pace",6
1975,"Kyalami",10.0666666666667
1975,"Montjuïc",6.2
1975,"Circuit de Monaco",13.4705882352941
1975,"Zolder",5.84615384615385
1975,"Scandinavian Raceway",10.7
1975,"Circuit Park Zandvoort",7.53846153846154
1975,"Circuit Paul Ricard",7.63636363636364
1975,"Silverstone Circuit",9
1975,"Nürburgring",8.6875
1975,"Red Bull Ring",9.5
1975,"Autodromo Nazionale di Monza",10.5714285714286
1975,"Watkins Glen",5.07142857142857
1974,"Autódromo Juan y Oscar Gálvez",8.66666666666667
1974,"Autódromo José Carlos Pace",6.5
1974,"Kyalami",6.84615384615385
1974,"Jarama",12
1974,"Nivelles-Baulers",11.4666666666667
1974,"Circuit de Monaco",7.76470588235294
1974,"Scandinavian Raceway",10.1666666666667
1974,"Circuit Park Zandvoort",6.52941176470588
1974,"Dijon-Prenois",15
1974,"Brands Hatch",15.9545454545455
1974,"Nürburgring",16.7647058823529
1974,"Red Bull Ring",17
1974,"Autodromo Nazionale di Monza",13.6842105263158
1974,"Mosport International Raceway",12.4375
1974,"Watkins Glen",10.625
1973,"Autódromo Juan y Oscar Gálvez",4.77777777777778
1973,"Autódromo José Carlos Pace",5.27272727272727
1973,"Kyalami",7.92307692307692
1973,"Montjuïc",7
1973,"Zolder",8.5
1973,"Circuit de Monaco",5.64285714285714
1973,"Scandinavian Raceway",3.72727272727273
1973,"Circuit Paul Ricard",6.90909090909091
1973,"Silverstone Circuit",5
1973,"Circuit Park Zandvoort",7.66666666666667
1973,"Nürburgring",9
1973,"Red Bull Ring",7.1
1973,"Autodromo Nazionale di Monza",7.23076923076923
1973,"Mosport International Raceway",9.2
1973,"Watkins Glen",10.25
1972,"Autódromo Juan y Oscar Gálvez",5.6
1972,"Kyalami",8.41666666666667
1972,"Jarama",9.30769230769231
1972,"Circuit de Monaco",7.15384615384615
1972,"Nivelles-Baulers",6.41666666666667
1972,"Charade Circuit",7.66666666666667
1972,"Brands Hatch",6.66666666666667
1972,"Nürburgring",5.70588235294118
1972,"Red Bull Ring",6.90909090909091
1972,"Autodromo Nazionale di Monza",11.3076923076923
1972,"Mosport International Raceway",6.7
1972,"Watkins Glen",7.125
1971,"Kyalami",4.2
1971,"Montjuïc",4.81818181818182
1971,"Circuit de Monaco",8.53333333333333
1971,"Circuit Park Zandvoort",6
1971,"Circuit Paul Ricard",9.11111111111111
1971,"Silverstone Circuit",6.41666666666667
1971,"Nürburgring",8.6
1971,"Red Bull Ring",7.66666666666667
1971,"Autodromo Nazionale di Monza",6.66666666666667
1971,"Mosport International Raceway",7.33333333333333
1971,"Watkins Glen",8.5
1970,"Kyalami",7.54545454545455
1970,"Jarama",10.6
1970,"Circuit de Monaco",10.6153846153846
1970,"Circuit de Spa-Francorchamps",4.33333333333333
1970,"Circuit Park Zandvoort",9.5
1970,"Charade Circuit",10.5833333333333
1970,"Brands Hatch",6.41666666666667
1970,"Hockenheimring",9.375
1970,"Red Bull Ring",7.25
1970,"Autodromo Nazionale di Monza",15.9333333333333
1970,"Circuit Mont-Tremblant",4.22222222222222
1970,"Watkins Glen",11.4615384615385
1970,"Autódromo Hermanos Rodríguez",4.5
1969,"Kyalami",7.125
1969,"Montjuïc",5.57142857142857
1969,"Circuit de Monaco",6.14285714285714
1969,"Circuit Park Zandvoort",4.83333333333333
1969,"Charade Circuit",2.85714285714286
1969,"Silverstone Circuit",5.14285714285714
1969,"Nürburgring",2.75
1969,"Autodromo Nazionale di Monza",1.7
1969,"Mosport International Raceway",3.5
1969,"Watkins Glen",5.27272727272727
1969,"Autódromo Hermanos Rodríguez",4.22222222222222
1968,"Kyalami",5.66666666666667
1968,"Jarama",5.125
1968,"Circuit de Monaco",6.72727272727273
1968,"Circuit de Spa-Francorchamps",3.45454545454545
1968,"Circuit Park Zandvoort",6.1
1968,"Rouen-Les-Essarts",2.75
1968,"Brands Hatch",7.875
1968,"Nürburgring",6.875
1968,"Autodromo Nazionale di Monza",9.58333333333333
1968,"Circuit Mont-Tremblant",9.33333333333333
1968,"Watkins Glen",7.44444444444444
1968,"Autódromo Hermanos Rodríguez",7.18181818181818
1967,"Kyalami",4.55555555555556
1967,"Circuit de Monaco",9.45454545454546
1967,"Circuit Park Zandvoort",7.85714285714286
1967,"Circuit de Spa-Francorchamps",4.88888888888889
1967,"Le Mans",5.57142857142857
1967,"Silverstone Circuit",6.90909090909091
1967,"Nürburgring",8.54545454545454
1967,"Mosport International Raceway",5.88888888888889
1967,"Autodromo Nazionale di Monza",4.7
1967,"Watkins Glen",5.11111111111111
1967,"Autódromo Hermanos Rodríguez",6.77777777777778
1966,"Circuit de Monaco",6
1966,"Circuit de Spa-Francorchamps",5
1966,"Reims-Gueux",6.28571428571429
1966,"Brands Hatch",4.8
1966,"Circuit Park Zandvoort",6.57142857142857
1966,"Nürburgring",5.5
1966,"Autodromo Nazionale di Monza",10.2727272727273
1966,"Watkins Glen",6.88888888888889
1966,"Autódromo Hermanos Rodríguez",4.44444444444444
1965,"Prince George Circuit",15.9047619047619
1965,"Circuit de Monaco",4.22222222222222
1965,"Circuit de Spa-Francorchamps",4.33333333333333
1965,"Charade Circuit",3.2
1965,"Silverstone Circuit",8
1965,"Circuit Park Zandvoort",2
1965,"Nürburgring",6.72727272727273
1965,"Autodromo Nazionale di Monza",5.8
1965,"Watkins Glen",5.11111111111111
1965,"Autódromo Hermanos Rodríguez",7.33333333333333
1964,"Circuit de Monaco",12
1964,"Circuit Park Zandvoort",6.375
1964,"Circuit de Spa-Francorchamps",4.44444444444444
1964,"Rouen-Les-Essarts",4.57142857142857
1964,"Brands Hatch",4
1964,"Nürburgring",8.36363636363636
1964,"Zeltweg",7.5
1964,"Autodromo Nazionale di Monza",10.7692307692308
1964,"Watkins Glen",6.90909090909091
1964,"Autódromo Hermanos Rodríguez",4.25
1963,"Circuit de Monaco",13.7058823529412
1963,"Circuit de Spa-Francorchamps",11.3076923076923
1963,"Circuit Park Zandvoort",7.23076923076923
1963,"Reims-Gueux",10
1963,"Silverstone Circuit",11.5384615384615
1963,"Nürburgring",15.1764705882353
1963,"Autodromo Nazionale di Monza",20.85
1963,"Watkins Glen",7.86666666666667
1963,"Autódromo Hermanos Rodríguez",8.9375
1963,"Prince George Circuit",9.41666666666667
1962,"Circuit Park Zandvoort",10
1962,"Circuit de Monaco",12.625
1962,"Circuit de Spa-Francorchamps",14.3125
1962,"Rouen-Les-Essarts",10.5
1962,"Aintree",12
1962,"Nürburgring",9.38095238095238
1962,"Autodromo Nazionale di Monza",17.1052631578947
1962,"Watkins Glen",7.55555555555556
1962,"Prince George Circuit",9.41666666666667
1961,"Circuit de Monaco",10.1666666666667
1961,"Circuit Park Zandvoort",5.11111111111111
1961,"Circuit de Spa-Francorchamps",9.25
1961,"Reims-Gueux",14.4117647058824
1961,"Aintree",8.33333333333333
1961,"Nürburgring",16.6666666666667
1961,"Autodromo Nazionale di Monza",18.8181818181818
1961,"Watkins Glen",7.1
1960,"Autódromo Juan y Oscar Gálvez",6.1
1960,"Circuit de Monaco",9.35
1960,"Indianapolis Motor Speedway",11.3571428571429
1960,"Circuit Park Zandvoort",9.91666666666667
1960,"Circuit de Spa-Francorchamps",4.36363636363636
1960,"Reims-Gueux",4.92307692307692
1960,"Silverstone Circuit",6.42857142857143
1960,"Circuito da Boavista",5.28571428571429
1960,"Autodromo Nazionale di Monza",4.3
1960,"Riverside International Raceway",6.08333333333333
1959,"Circuit de Monaco",11.625
1959,"Indianapolis Motor Speedway",8.0625
1959,"Circuit Park Zandvoort",3.11111111111111
1959,"Reims-Gueux",6.66666666666667
1959,"Aintree",10.9
1959,"AVUS",3.85714285714286
1959,"Monsanto Park Circuit",3.5
1959,"Autodromo Nazionale di Monza",4.36363636363636
1959,"Sebring International Raceway",6.77777777777778
1958,"Autódromo Juan y Oscar Gálvez",2.6
1958,"Circuit de Monaco",17.8260869565217
1958,"Circuit Park Zandvoort",7
1958,"Indianapolis Motor Speedway",10.6470588235294
1958,"Circuit de Spa-Francorchamps",6.55555555555556
1958,"Reims-Gueux",5.91666666666667
1958,"Silverstone Circuit",5
1958,"Nürburgring",8.81818181818182
1958,"Circuito da Boavista",0.6
1958,"Autodromo Nazionale di Monza",7
1958,"Ain Diab",10.3333333333333
1957,"Autódromo Juan y Oscar Gálvez",7
1957,"Circuit de Monaco",11.5
1957,"Indianapolis Motor Speedway",11.9333333333333
1957,"Rouen-Les-Essarts",2.125
1957,"Aintree",6.09090909090909
1957,"Nürburgring",3.16666666666667
1957,"Pescara Circuit",4.42857142857143
1957,"Autodromo Nazionale di Monza",5.75
1956,"Autódromo Juan y Oscar Gálvez",6.4
1956,"Circuit de Monaco",9.09090909090909
1956,"Indianapolis Motor Speedway",10.3684210526316
1956,"Circuit de Spa-Francorchamps",4.71428571428571
1956,"Reims-Gueux",6.6
1956,"Silverstone Circuit",9.07142857142857
1956,"Nürburgring",9.66666666666667
1956,"Autodromo Nazionale di Monza",8.875
1955,"Autódromo Juan y Oscar Gálvez",5.69230769230769
1955,"Circuit de Monaco",11
1955,"Indianapolis Motor Speedway",11.3333333333333
1955,"Circuit de Spa-Francorchamps",8.75
1955,"Circuit Park Zandvoort",3.25
1955,"Aintree",7.41666666666667
1955,"Autodromo Nazionale di Monza",8.09090909090909
1954,"Autódromo Juan y Oscar Gálvez",5.125
1954,"Indianapolis Motor Speedway",8
1954,"Circuit de Spa-Francorchamps",4.5
1954,"Reims-Gueux",7
1954,"Silverstone Circuit",7.875
1954,"Nürburgring",7.36363636363636
1954,"Circuit Bremgarten",6.25
1954,"Autodromo Nazionale di Monza",5.07692307692308
1954,"Circuit de Pedralbes",8.9
1953,"Autódromo Juan y Oscar Gálvez",3.11111111111111
1953,"Indianapolis Motor Speedway",7.88888888888889
1953,"Circuit Park Zandvoort",5.25
1953,"Circuit de Spa-Francorchamps",5.875
1953,"Reims-Gueux",4.75
1953,"Silverstone Circuit",6.38461538461539
1953,"Nürburgring",9.23529411764706
1953,"Circuit Bremgarten",3.71428571428571
1953,"Autodromo Nazionale di Monza",7.92307692307692
1952,"Circuit Bremgarten",5.41666666666667
1952,"Indianapolis Motor Speedway",10.4
1952,"Circuit de Spa-Francorchamps",7.22222222222222
1952,"Rouen-Les-Essarts",2.91666666666667
1952,"Silverstone Circuit",7.76470588235294
1952,"Nürburgring",7.8
1952,"Circuit Park Zandvoort",2.7
1952,"Autodromo Nazionale di Monza",17.36
1951,"Circuit Bremgarten",3.75
1951,"Indianapolis Motor Speedway",6.13636363636364
1951,"Circuit de Spa-Francorchamps",4
1951,"Reims-Gueux",5.63636363636364
1951,"Silverstone Circuit",3.07692307692308
1951,"Nürburgring",5.1
1951,"Autodromo Nazionale di Monza",8.71428571428571
1951,"Circuit de Pedralbes",2.75
1950,"Silverstone Circuit",7.5
1950,"Circuit de Monaco",3.76923076923077
1950,"Indianapolis Motor Speedway",10.1333333333333
1950,"Circuit Bremgarten",8.57142857142857
1950,"Circuit de Spa-Francorchamps",4.8
1950,"Reims-Gueux",2.92307692307692
1950,"Autodromo Nazionale di Monza",7.71428571428571
2011,"Albert Park Grand Prix Circuit",8.63636363636364
2011,"Sepang International Circuit",3.33333333333333
2011,"Shanghai International Circuit",3.72727272727273
2011,"Istanbul Park",2.13333333333333
2011,"Circuit de Barcelona-Catalunya",4.18181818181818
2011,"Circuit de Monaco",7.72727272727273
2011,"Circuit Gilles Villeneuve",8.4
2011,"Valencia Street Circuit",1.41176470588235
2011,"Silverstone Circuit",5.36363636363636
2011,"Nürburgring",4
2011,"Hungaroring",4.36363636363636
2011,"Circuit de Spa-Francorchamps",7.4
2011,"Autodromo Nazionale di Monza",5.6
2011,"Marina Bay Street Circuit",2.81818181818182
2011,"Suzuka Circuit",2.42857142857143
2011,"Korean International Circuit",4
2011,"Buddh International Circuit",3.76923076923077
2011,"Yas Marina Circuit",2.92307692307692
2011,"Autódromo José Carlos Pace",4
2012,"Albert Park Grand Prix Circuit",8.38461538461539
2012,"Sepang International Circuit",6.18181818181818
2012,"Shanghai International Circuit",5.33333333333333
2012,"Bahrain International Circuit",3.76923076923077
2012,"Circuit de Barcelona-Catalunya",4.2
2012,"Circuit de Monaco",5.09090909090909
2012,"Circuit Gilles Villeneuve",2.73333333333333
2012,"Valencia Street Circuit",12.1111111111111
2012,"Silverstone Circuit",5
2012,"Hockenheimring",3.76923076923077
2012,"Hungaroring",1.83333333333333
2012,"Circuit de Spa-Francorchamps",10.2222222222222
2012,"Autodromo Nazionale di Monza",6.66666666666667
2012,"Marina Bay Street Circuit",8.375
2012,"Suzuka Circuit",8.5
2012,"Korean International Circuit",5.875
2012,"Buddh International Circuit",3.27272727272727
2012,"Yas Marina Circuit",12
2012,"Circuit of the Americas",4.36363636363636
2012,"Autódromo José Carlos Pace",7.2
2013,"Albert Park Grand Prix Circuit",4.88888888888889
2013,"Sepang International Circuit",6.44444444444444
2013,"Shanghai International Circuit",3.4
2013,"Bahrain International Circuit",4.1
2013,"Circuit de Barcelona-Catalunya",4.4
2013,"Circuit de Monaco",2.91666666666667
2013,"Circuit Gilles Villeneuve",3.63636363636364
2013,"Silverstone Circuit",7.125
2013,"Nürburgring",4.375
2013,"Hungaroring",3.66666666666667
2013,"Circuit de Spa-Francorchamps",3.30769230769231
2013,"Autodromo Nazionale di Monza",2.16666666666667
2013,"Marina Bay Street Circuit",4.63636363636364
2013,"Korean International Circuit",3.30769230769231
2013,"Suzuka Circuit",3.8
2013,"Buddh International Circuit",3.81818181818182
2013,"Yas Marina Circuit",1.92857142857143
2013,"Circuit of the Americas",1.91666666666667
2013,"Autódromo José Carlos Pace",4.18181818181818
2014,"Albert Park Grand Prix Circuit",9.28571428571429
2014,"Sepang International Circuit",4.08333333333333
2014,"Bahrain International Circuit",3.90909090909091
2014,"Shanghai International Circuit",3.5
2014,"Circuit de Barcelona-Catalunya",1.35294117647059
2014,"Circuit de Monaco",5.41666666666667
2014,"Circuit Gilles Villeneuve",2.76923076923077
2014,"Red Bull Ring",3.90909090909091
2014,"Silverstone Circuit",3.21428571428571
2014,"Hockenheimring",4.8
2014,"Hungaroring",3.85714285714286
2014,"Circuit de Spa-Francorchamps",4
2014,"Autodromo Nazionale di Monza",3
2014,"Marina Bay Street Circuit",4.09090909090909
2014,"Suzuka Circuit",4.2
2014,"Sochi Autodrom",1.85714285714286
2014,"Circuit of the Americas",2.7
2014,"Autódromo José Carlos Pace",2.88888888888889
2014,"Yas Marina Circuit",3.83333333333333
2015,"Albert Park Grand Prix Circuit",3.83333333333333
2015,"Sepang International Circuit",4
2015,"Shanghai International Circuit",2.36363636363636
2015,"Bahrain International Circuit",2.6
2015,"Circuit de Barcelona-Catalunya",2.7
2015,"Circuit de Monaco",4.3
2015,"Circuit Gilles Villeneuve",1.86666666666667
2015,"Red Bull Ring",2.36363636363636
2015,"Silverstone Circuit",2.75
2015,"Hungaroring",6.11111111111111
2015,"Circuit de Spa-Francorchamps",4.81818181818182
2015,"Autodromo Nazionale di Monza",5.375
2015,"Marina Bay Street Circuit",3.90909090909091
2015,"Suzuka Circuit",3.66666666666667
2015,"Sochi Autodrom",7.5
2015,"Circuit of the Americas",4.54545454545455
2015,"Autódromo Hermanos Rodríguez",2.2
2015,"Autódromo José Carlos Pace",2.23076923076923
2015,"Yas Marina Circuit",1.66666666666667
2016,"Albert Park Grand Prix Circuit",4
2016,"Bahrain International Circuit",5.88888888888889
2016,"Shanghai International Circuit",2.13333333333333
2016,"Sochi Autodrom",4.07692307692308
2016,"Circuit de Barcelona-Catalunya",10.5
2016,"Circuit de Monaco",6.25
2016,"Circuit Gilles Villeneuve",2.61538461538462
2016,"Baku City Circuit",4
2016,"Red Bull Ring",7.36363636363636
2016,"Silverstone Circuit",2
2016,"Hungaroring",2.25
2016,"Hockenheimring",2.27272727272727
2016,"Circuit de Spa-Francorchamps",4.07692307692308
2016,"Autodromo Nazionale di Monza",1.64285714285714
2016,"Marina Bay Street Circuit",4
2016,"Sepang International Circuit",6.55555555555556
2016,"Suzuka Circuit",2.08333333333333
2016,"Circuit of the Americas",7.5
2016,"Autódromo Hermanos Rodríguez",1.64285714285714
2016,"Autódromo José Carlos Pace",4
2016,"Yas Marina Circuit",2.58333333333333
2017,"Albert Park Grand Prix Circuit",3.16666666666667
2017,"Shanghai International Circuit",3.38461538461538
2017,"Bahrain International Circuit",2.9
2017,"Sochi Autodrom",2
2017,"Circuit de Barcelona-Catalunya",7
2017,"Circuit de Monaco",2.9
2017,"Circuit Gilles Villeneuve",5.875
2017,"Baku City Circuit",5.6
2017,"Red Bull Ring",3.45454545454545
2017,"Silverstone Circuit",2.5
2017,"Hungaroring",2.8
2017,"Circuit de Spa-Francorchamps",3.8
2017,"Autodromo Nazionale di Monza",2.72727272727273
2017,"Marina Bay Street Circuit",11.5
2017,"Sepang International Circuit",4.66666666666667
2017,"Suzuka Circuit",3.18181818181818
2017,"Circuit of the Americas",3.27272727272727
2017,"Autódromo Hermanos Rodríguez",4.1
2017,"Autódromo José Carlos Pace",3.33333333333333
2017,"Yas Marina Circuit",3.71428571428571
2018,"Albert Park Grand Prix Circuit",3.1
2018,"Bahrain International Circuit",6.125
2018,"Shanghai International Circuit",2.5
2018,"Baku City Circuit",9
2018,"Circuit de Barcelona-Catalunya",4
2018,"Circuit de Monaco",2.21428571428571
2018,"Circuit Gilles Villeneuve",1.84615384615385
2018,"Circuit Paul Ricard",3
2018,"Red Bull Ring",8
2018,"Silverstone Circuit",5.5
2018,"Hockenheimring",4.09090909090909
2018,"Hungaroring",2.5
2018,"Circuit de Spa-Francorchamps",3.9
2018,"Autodromo Nazionale di Monza",4
2018,"Marina Bay Street Circuit",2.23076923076923
2018,"Sochi Autodrom",1.8125
2018,"Suzuka Circuit",3.36363636363636
2018,"Circuit of the Americas",7.125
2018,"Autódromo Hermanos Rodríguez",5.125
2018,"Autódromo José Carlos Pace",3.2
2018,"Yas Marina Circuit",6.28571428571429
2019,"Albert Park Grand Prix Circuit",3.2
2019,"Bahrain International Circuit",5.85714285714286
2019,"Shanghai International Circuit",3.33333333333333
2019,"Baku City Circuit",5.21428571428571
2019,"Circuit de Barcelona-Catalunya",2.46153846153846
2019,"Circuit de Monaco",2.5
2019,"Circuit Gilles Villeneuve",3.5
2019,"Circuit Paul Ricard",1.84615384615385
2019,"Red Bull Ring",3.46153846153846
2019,"Silverstone Circuit",3
2019,"Hockenheimring",7.2
2019,"Hungaroring",2.27272727272727
2019,"Circuit de Spa-Francorchamps",5.08333333333333
2019,"Autodromo Nazionale di Monza",5.45454545454545
2019,"Marina Bay Street Circuit",2.16666666666667
2019,"Sochi Autodrom",5.2
2019,"Suzuka Circuit",5.77777777777778
2019,"Autódromo Hermanos Rodríguez",3.75
2019,"Circuit of the Americas",4.1
2019,"Autódromo José Carlos Pace",6
2019,"Yas Marina Circuit",1.86666666666667
2020,"Red Bull Ring",5.22222222222222
2020,"Red Bull Ring",6.1
2020,"Hungaroring",4.42857142857143
2020,"Silverstone Circuit",3.44444444444444
2020,"Silverstone Circuit",2.58333333333333
2020,"Circuit de Barcelona-Catalunya",2.11111111111111
2020,"Circuit de Spa-Francorchamps",1.75
2020,"Autodromo Nazionale di Monza",5.625
2020,"Autodromo Internazionale del Mugello",4.77777777777778
2020,"Sochi Autodrom",3.27272727272727
2020,"Nürburgring",7.125
2020,"Autódromo Internacional do Algarve",2.7
2020,"Autodromo Enzo e Dino Ferrari",7.28571428571429
2020,"Istanbul Park",7.16666666666667
2020,"Bahrain International Circuit",3.2
2020,"Bahrain International Circuit",6.375
2020,"Yas Marina Circuit",1.16666666666667
2021,"Losail International Circuit",3.9
2021,"Bahrain International Circuit",2.75
2021,"Autodromo Enzo e Dino Ferrari",5
2021,"Autódromo Internacional do Algarve",2.18181818181818
2021,"Circuit de Barcelona-Catalunya",1.41666666666667
2021,"Circuit de Monaco",5
2021,"Baku City Circuit",4.6
2021,"Red Bull Ring",2.45454545454545
2021,"Circuit Paul Ricard",3.30769230769231
2021,"Red Bull Ring",2.8
2021,"Silverstone Circuit",4.8
2021,"Hungaroring",7.63636363636364
2021,"Circuit de Spa-Francorchamps",4.22222222222222
2021,"Circuit Park Zandvoort",3
2021,"Autodromo Nazionale di Monza",9.5
2021,"Sochi Autodrom",3.30769230769231
2021,"Istanbul Park",3
2021,"Circuit of the Americas",2.18181818181818
2021,"Autódromo Hermanos Rodríguez",3.4
2021,"Autódromo José Carlos Pace",2.6
2021,"Jeddah Corniche Circuit",3.09090909090909
2021,"Yas Marina Circuit",1.78571428571429
2022,"Bahrain International Circuit",5.5
2022,"Jeddah Corniche Circuit",3.90909090909091
2022,"Albert Park Grand Prix Circuit",5.57142857142857
2022,"Autodromo Enzo e Dino Ferrari",8.125
2022,"Miami International Autodrome",4.21428571428571
2022,"Circuit de Barcelona-Catalunya",5.71428571428571
2022,"Circuit de Monaco",2.36363636363636
2022,"Baku City Circuit",7.33333333333333
2022,"Circuit Gilles Villeneuve",5.375
2022,"Silverstone Circuit",3.58333333333333
2022,"Red Bull Ring",4.36363636363636
2022,"Circuit Paul Ricard",4.5
2022,"Hungaroring",4.07692307692308
2022,"Circuit de Spa-Francorchamps",6.08333333333333
2022,"Circuit Park Zandvoort",2.07692307692308
2022,"Autodromo Nazionale di Monza",4.75
2022,"Marina Bay Street Circuit",5.2
2022,"Suzuka Circuit",2.23076923076923
2022,"Circuit of the Americas",6.5
2022,"Autódromo Hermanos Rodríguez",2.6
2022,"Autódromo José Carlos Pace",5.63636363636364
2022,"Yas Marina Circuit",3.33333333333333
2023,"Bahrain International Circuit",4.2
2023,"Jeddah Corniche Circuit",3.16666666666667
2023,"Albert Park Grand Prix Circuit",6.63636363636364
2023,"Baku City Circuit",3.85714285714286
2023,"Miami International Autodrome",1.93333333333333
2023,"Circuit de Monaco",1.75
2023,"Circuit de Barcelona-Catalunya",3
2023,"Circuit Gilles Villeneuve",3.90909090909091
2023,"Red Bull Ring",4.46666666666667
2023,"Silverstone Circuit",2.5
2023,"Hungaroring",3.8
2023,"Circuit de Spa-Francorchamps",7.28571428571429
